{
    "Birth Year": {
        "1960s": 1966.6666666666667,
        "1970s": 1977.0,
        "1980s": 1986.1698113207547,
        "1990s": 1994.774193548387,
        "2000s": 2003.0
    },
    "How satisfied were you with the clarity of the application instructions? ": {
        "1960s": 4.666666666666667,
        "1970s": 4.529411764705882,
        "1980s": 4.490566037735849,
        "1990s": 4.419354838709677,
        "2000s": 5.0
    },
    "How smooth was the registration process?": {
        "1960s": 4.333333333333333,
        "1970s": 4.529411764705882,
        "1980s": 4.716981132075472,
        "1990s": 4.354838709677419,
        "2000s": 5.0
    },
    "How helpful was the initial contact with the academy\u2019s staff? ": {
        "1960s": 5.0,
        "1970s": 4.588235294117647,
        "1980s": 4.69811320754717,
        "1990s": 4.806451612903226,
        "2000s": 5.0
    },
    "Were the payment options and processes clear and convenient?": {
        "1960s": 4.666666666666667,
        "1970s": 4.235294117647059,
        "1980s": 4.509433962264151,
        "1990s": 4.548387096774194,
        "2000s": 5.0
    },
    "Were you satisfied with the price of the Academy?": {
        "1960s": 4.333333333333333,
        "1970s": 3.8823529411764706,
        "1980s": 4.018867924528302,
        "1990s": 4.096774193548387,
        "2000s": 4.0
    },
    "How relevant was the General Academic Lectures to your coaching needs?": {
        "1960s": 4.333333333333333,
        "1970s": 3.9411764705882355,
        "1980s": 3.9245283018867925,
        "1990s": 3.967741935483871,
        "2000s": 5.0
    },
    "How useful did you find the Basketball Academic Lectures?": {
        "1960s": 4.666666666666667,
        "1970s": 4.470588235294118,
        "1980s": 4.264150943396227,
        "1990s": 4.548387096774194,
        "2000s": 5.0
    },
    "How beneficial were the new modules introduced this year (Scouting, S&C, Officiating, Medical)?": {
        "1960s": 5.0,
        "1970s": 4.470588235294118,
        "1980s": 4.547169811320755,
        "1990s": 4.516129032258065,
        "2000s": 4.5
    },
    "How effective was the EHCB Members' Online Lectures? ": {
        "1960s": 5.0,
        "1970s": 4.294117647058823,
        "1980s": 4.490566037735849,
        "1990s": 4.516129032258065,
        "2000s": 5.0
    },
    "How effective was the EHCB Coaches Congress in providing valuable learning experiences?": {
        "1960s": 5.0,
        "1970s": 4.411764705882353,
        "1980s": 4.679245283018868,
        "1990s": 4.645161290322581,
        "2000s": 5.0
    },
    "How effective were the lessons on Offensive Team Tactic?": {
        "1960s": 5.0,
        "1970s": 4.647058823529412,
        "1980s": 4.245283018867925,
        "1990s": 4.419354838709677,
        "2000s": 5.0
    },
    "Did the exam adequately assess your knowledge in Offensive Team Tactic?": {
        "1960s": 5.0,
        "1970s": 4.235294117647059,
        "1980s": 3.9622641509433962,
        "1990s": 4.096774193548387,
        "2000s": 4.5
    },
    "How effective were the lessons on Defensive Team Tactic? ": {
        "1960s": 5.0,
        "1970s": 4.588235294117647,
        "1980s": 4.2075471698113205,
        "1990s": 4.451612903225806,
        "2000s": 5.0
    },
    "Did the exam adequately assess your knowledge in Defensive Team Tactic?": {
        "1960s": 5.0,
        "1970s": 4.235294117647059,
        "1980s": 3.9622641509433962,
        "1990s": 4.096774193548387,
        "2000s": 5.0
    },
    "How effective were the lessons on Individual and Group Tactics? ": {
        "1960s": 5.0,
        "1970s": 4.647058823529412,
        "1980s": 4.09433962264151,
        "1990s": 4.483870967741935,
        "2000s": 5.0
    },
    "Did the exam adequately assess your knowledge in Individual and Group Tactics?": {
        "1960s": 5.0,
        "1970s": 4.235294117647059,
        "1980s": 3.9622641509433962,
        "1990s": 4.096774193548387,
        "2000s": 4.5
    },
    "How effective were the lessons on Basketball Technique? ": {
        "1960s": 4.666666666666667,
        "1970s": 4.588235294117647,
        "1980s": 4.169811320754717,
        "1990s": 4.258064516129032,
        "2000s": 5.0
    },
    "Did the exam adequately assess your knowledge in Basketball Technique?": {
        "1960s": 4.666666666666667,
        "1970s": 4.235294117647059,
        "1980s": 3.943396226415094,
        "1990s": 4.225806451612903,
        "2000s": 5.0
    },
    "How effective were the lessons on Planning & Programming and S&C?": {
        "1960s": 5.0,
        "1970s": 4.411764705882353,
        "1980s": 4.264150943396227,
        "1990s": 4.516129032258065,
        "2000s": 4.0
    },
    "Did the exam adequately assess your knowledge in Planning & Programming and S&C?": {
        "1960s": 5.0,
        "1970s": 4.117647058823529,
        "1980s": 3.943396226415094,
        "1990s": 4.225806451612903,
        "2000s": 4.5
    },
    "How effective were the lessons on Selection and Training of Young Players?": {
        "1960s": 5.0,
        "1970s": 4.647058823529412,
        "1980s": 4.245283018867925,
        "1990s": 4.32258064516129,
        "2000s": 5.0
    },
    "Did the exam adequately assess your knowledge in Selection and Training of Young Players?": {
        "1960s": 5.0,
        "1970s": 4.294117647058823,
        "1980s": 3.981132075471698,
        "1990s": 4.032258064516129,
        "2000s": 5.0
    },
    "How effective were the lessons on Basketball History and Factors? ": {
        "1960s": 4.333333333333333,
        "1970s": 4.411764705882353,
        "1980s": 3.8867924528301887,
        "1990s": 4.032258064516129,
        "2000s": 3.5
    },
    "Did the exam adequately assess your knowledge in Basketball History and Factors? ": {
        "1960s": 4.333333333333333,
        "1970s": 4.117647058823529,
        "1980s": 3.830188679245283,
        "1990s": 4.064516129032258,
        "2000s": 5.0
    },
    "How effective were the lessons on Theory of Sports Training and S&C? ": {
        "1960s": 5.0,
        "1970s": 4.529411764705882,
        "1980s": 4.188679245283019,
        "1990s": 4.354838709677419,
        "2000s": 4.5
    },
    "Did the exam adequately assess your knowledge in Theory of Sports Training and S&C? ": {
        "1960s": 5.0,
        "1970s": 4.117647058823529,
        "1980s": 3.9056603773584904,
        "1990s": 4.193548387096774,
        "2000s": 5.0
    },
    "How effective were the lessons on Sociology & Psychology?": {
        "1960s": 4.666666666666667,
        "1970s": 4.352941176470588,
        "1980s": 4.132075471698113,
        "1990s": 4.419354838709677,
        "2000s": 4.0
    },
    "Did the exam adequately assess your knowledge in Sociology & Psychology?": {
        "1960s": 4.666666666666667,
        "1970s": 4.117647058823529,
        "1980s": 3.9056603773584904,
        "1990s": 4.225806451612903,
        "2000s": 5.0
    },
    "How effective were the lessons on Human Motoric? ": {
        "1960s": 4.666666666666667,
        "1970s": 4.470588235294118,
        "1980s": 4.0,
        "1990s": 4.225806451612903,
        "2000s": 5.0
    },
    "Did the exam adequately assess your knowledge in Human Motoric? ": {
        "1960s": 4.666666666666667,
        "1970s": 4.176470588235294,
        "1980s": 3.8679245283018866,
        "1990s": 4.096774193548387,
        "2000s": 5.0
    },
    "How effective were the lessons on Biomedicine Subjects?": {
        "1960s": 4.666666666666667,
        "1970s": 4.294117647058823,
        "1980s": 3.981132075471698,
        "1990s": 4.096774193548387,
        "2000s": 3.5
    },
    "Did the exam adequately assess your knowledge in Biomedicine Subjects?": {
        "1960s": 4.666666666666667,
        "1970s": 4.117647058823529,
        "1980s": 3.830188679245283,
        "1990s": 4.225806451612903,
        "2000s": 4.5
    },