{
    "Role_Satisfaction_Comparison": {
        "Alumni": 3.641350210970464,
        "Ambassador": 3.596518987341772,
        "Student (4th Gen)": 3.9709686296092457
    },
    "Nationality_Satisfaction_Comparison": {
        "Albania": 3.0,
        "Argentina": 2.0,
        "Austria": 1.0,
        "Bahrain": 4.0,
        "Belarus": 4.0,
        "Belgium": 3.712025316455696,
        "Bosnia and Herzegovina": 5.0,
        "Brazil": 2.962025316455696, 
        "United Kingdom": 4.5, 
        "Bulgaria": 3.9240506329113924, 
        "Czech Republic": 1.0,  
        "Cameroon": 4.0,
        "Canada": 3.962025316455696, 
        "Croatia": 3.9240506329113924, 
        "Cyprus": 3.9240506329113924,
        "Netherlands": 3.3333333333333335,  
        "Egypt": 4.0,  
        "Finland": 3.0,
        "France": 4.0,  
        "Gambia": 3.9240506329113924,  
        "Georgia": 5.0,
        "Germany": 5.0, 
        "Greece": 4.5,  
        "Hungary": 3.9240506329113924,  
        "Iceland": 3.9240506329113924,
        "Iran": 3.462025316455696, 
        "Ireland": 5.0, 
        "Israel": 4.5, 
        "Italy": 3.1848101265822786,  
        "Japan": 3.0,
        "Kenya": 3.9240506329113924,  
        "Lebanon": 4.462025316455696,  
        "Lithuania": 4.462025316455696,  
        "Macedonia": 3.5,  
        "Montenegro": 5.0, 
        "Morocco": 4.0,  
        "Norway": 4.0,  
        "Romania": 4.5,  
        "Russia": 3.9240506329113924,  
        "Serbia": 4.666666666666667,  
        "Slovenia": 4.462025316455696,  
        "Spain": 3.712025316455696,  
        "Sweden": 3.9240506329113924,  
        "Turkey": 3.9240506329113924,  
        "United States": 5.0,  
        "Ukraine": 3.0,
        "Zimbabwe": 2.0 
    }
}
